-- phpMyAdmin SQL Dump
-- version 4.2.12deb2+deb8u1
-- http://www.phpmyadmin.net
--
-- Host: localhost
-- Generation Time: Jul 06, 2016 at 03:23 PM
-- Server version: 5.5.49-0+deb8u1
-- PHP Version: 5.6.22-0+deb8u1

SET SQL_MODE = "NO_AUTO_VALUE_ON_ZERO";
SET time_zone = "+00:00";


/*!40101 SET @OLD_CHARACTER_SET_CLIENT=@@CHARACTER_SET_CLIENT */;
/*!40101 SET @OLD_CHARACTER_SET_RESULTS=@@CHARACTER_SET_RESULTS */;
/*!40101 SET @OLD_COLLATION_CONNECTION=@@COLLATION_CONNECTION */;
/*!40101 SET NAMES utf8 */;

--
-- Database: `cg`
--

-- --------------------------------------------------------

--
-- Table structure for table `boxes`
--

CREATE TABLE IF NOT EXISTS `boxes` (
`boxesEntryId` int(11) NOT NULL,
  `title` varchar(100) COLLATE utf8_bin NOT NULL,
  `price` int(11) NOT NULL
) ENGINE=InnoDB AUTO_INCREMENT=65 DEFAULT CHARSET=utf8 COLLATE=utf8_bin;

--
-- Dumping data for table `boxes`
--

INSERT INTO `boxes` (`boxesEntryId`, `title`, `price`) VALUES
(1, 'Galletas a la carta - 10', 895),
(2, 'Galletas a la carta - 20', 1595),
(3, 'Galletas a la carta - 30', 2195),
(5, 'Basic bag pequeña - Frutas Tropicales', 495),
(6, 'Basic bag pequeña - Sabores de Canarias', 495),
(7, 'Basic bag pequeña - Chocolate', 495),
(8, 'Basic bag pequeña - Clasica', 495),
(10, 'Basic bag grande - Frutas Tropicales', 995),
(11, 'Basic bag grande - Sabores de Canarias', 995),
(12, 'Basic bag grande - Chocolate', 995),
(13, 'Basic bag grande - Clásica', 995),
(15, 'Cube box pequeña - Frutas Tropicales', 795),
(16, 'Cube box pequeña - Sabores de Canarias', 795),
(17, 'Cube box pequeña - Chocolate', 795),
(18, 'Cube box pequeña - Clásica', 795),
(20, 'Cube box grande - Frutas Tropicales', 1195),
(21, 'Cube box grande - Sabores de Canarias', 1195),
(22, 'Cube box grande - Chocolate', 1195),
(23, 'Cube box grande - Clásica', 1195),
(25, 'Pyramid window box - Tropicales', 695),
(26, 'Pyramid window box - Sabores de Canarias', 695),
(27, 'Pyramid window box - Chocolate', 695),
(28, 'Pyramid window box - Clásica', 695),
(30, 'Elegant box 1 verde - Chocolate', 995),
(31, 'Elegant box 1 verde - Baño de chocolate', 995),
(33, 'Elegant box 1 crema - Frutas tropicales', 995),
(34, 'Elegant box 1 crema - Sabores de Canarias', 995),
(36, 'Elegant box 2 verde - Chocolate', 1595),
(37, 'Elegant box 2 verde - Baño de chocolate', 1595),
(38, 'Elegant box 2 verde - Excelencia', 1595),
(40, 'Elegant box 2 crema - Frutas tropicales', 1595),
(41, 'Elegant box 2 crema - Sabores de Canarias', 1595),
(42, 'Elegant box 2 crema - Clásica', 1595),
(44, 'Elegant box 3 verde - Chocolate', 2195),
(45, 'Elegant box 3 verde - Baño de chocolate', 2195),
(46, 'Elegant box 3 verde - Excelencia', 2195),
(48, 'Elegant box 3 crema - Frutas tropicales', 2195),
(49, 'Elegant box 3 crema - Sabores de Canarias', 2195),
(50, 'Elegant box 3 crema - Clásica', 2195),
(52, 'Strelitzia box - Sabores de Canarias', 1395),
(54, 'Mango box - Excelencia', 1395),
(55, 'Plumeria box - Excelencia', 1895),
(56, 'Galleta individual', 100),
(57, 'Surfero Aythami', 995),
(58, 'Cube Box pequeño - vegano', 945),
(59, 'Cube box grande - vegano', 1395),
(60, 'Elegant box 1 verde - vegano', 1045),
(61, 'Elegant box 1 crema - vegano', 1045),
(62, 'Strelitzia box - vegano', 1495),
(63, 'Galletas a la Carta 18 - vegano', 1645),
(64, 'Mango Box - vegano', 1495);

-- --------------------------------------------------------

--
-- Table structure for table `cart`
--

CREATE TABLE IF NOT EXISTS `cart` (
`cartEntryId` int(11) NOT NULL,
  `syncId` int(11) NOT NULL,
  `boxId` int(11) NOT NULL,
  `quantity` int(11) NOT NULL,
  `price` int(11) NOT NULL COMMENT 'in cents',
  `status` int(11) NOT NULL DEFAULT '0',
  `edited` datetime NOT NULL
) ENGINE=InnoDB AUTO_INCREMENT=271 DEFAULT CHARSET=utf8 COLLATE=utf8_bin;

--
-- Dumping data for table `cart`
--

INSERT INTO `cart` (`cartEntryId`, `syncId`, `boxId`, `quantity`, `price`, `status`, `edited`) VALUES
(1, 163087527, 31, 1, 995, 3, '2016-06-20 12:38:55'),
(2, 163087527, 38, 1, 1595, 3, '2016-06-20 12:38:55'),
(3, 731356149, 55, 1, 1895, 3, '2016-06-20 13:02:26'),
(4, 150018743, 2, 1, 1595, 3, '2016-06-20 13:37:19'),
(5, 150018743, 7, 2, 495, 3, '2016-06-20 13:37:19'),
(6, 597232102, 52, 2, 1395, 3, '2016-06-20 18:07:47'),
(7, 795893590, 3, 1, 2195, 3, '2016-06-21 10:54:52'),
(8, 800172575, 3, 2, 2195, 3, '2016-06-21 11:48:28'),
(9, 376255929, 1, 1, 895, 3, '2016-06-21 19:45:20'),
(10, 858871502, 2, 1, 1595, 3, '2016-06-21 20:12:41'),
(11, 159894751, 15, 1, 795, 3, '2016-06-21 20:54:37'),
(12, 159894751, 16, 1, 795, 3, '2016-06-21 20:54:37'),
(13, 935428217, 1, 3, 895, 3, '2016-06-21 20:59:08'),
(14, 935428217, 5, 1, 495, 3, '2016-06-21 20:59:08'),
(15, 422063123, 1, 1, 895, 3, '2016-06-21 21:36:17'),
(16, 693777519, 56, 1, 100, 3, '2016-06-22 11:34:00'),
(17, 693777519, 5, 4, 495, 3, '2016-06-22 11:34:00'),
(18, 196559782, 1, 1, 895, 3, '2016-06-22 11:34:24'),
(19, 966690408, 31, 1, 995, 3, '2016-06-22 12:33:29'),
(20, 966690408, 49, 1, 2195, 3, '2016-06-22 12:33:29'),
(21, 173375085, 1, 1, 895, 3, '2016-06-22 13:16:33'),
(22, 173375085, 26, 1, 695, 3, '2016-06-22 13:16:33'),
(23, 173375085, 30, 1, 995, 3, '2016-06-22 13:16:33'),
(24, 905439137, 2, 2, 1595, 3, '2016-06-22 14:06:48'),
(25, 960934120, 46, 2, 2195, 3, '2016-06-22 18:33:18'),
(26, 738116906, 1, 1, 895, 3, '2016-06-22 19:20:06'),
(27, 738116906, 54, 1, 1395, 3, '2016-06-22 19:20:06'),
(28, 722632575, 3, 1, 2195, 3, '2016-06-22 19:51:10'),
(29, 143299674, 1, 1, 895, 3, '2016-06-22 20:13:43'),
(30, 780995845, 5, 1, 495, 3, '2016-06-22 20:26:04'),
(31, 359430051, 10, 1, 995, 3, '2016-06-22 20:57:04'),
(32, 401200392, 55, 1, 1895, 3, '2016-06-23 11:46:46'),
(34, 371880217, 30, 1, 995, 3, '2016-06-23 13:11:55'),
(35, 433256704, 15, 1, 795, 3, '2016-06-23 13:12:26'),
(36, 895618526, 55, 1, 1705, 3, '2016-06-23 14:30:15'),
(37, 522763397, 52, 1, 1255, 3, '2016-06-23 14:30:38'),
(38, 522763397, 16, 1, 715, 3, '2016-06-23 14:30:38'),
(39, 117400636, 52, 1, 1395, 3, '2016-06-23 18:11:00'),
(40, 336562323, 56, 2, 100, 3, '2016-06-23 20:07:00'),
(41, 336562323, 52, 2, 1395, 3, '2016-06-23 20:07:00'),
(42, 250834378, 30, 2, 995, 3, '2016-06-23 20:50:00'),
(43, 711296198, 25, 1, 695, 3, '2016-06-23 20:56:00'),
(44, 711296198, 28, 1, 695, 3, '2016-06-23 20:56:00'),
(45, 410447565, 34, 1, 995, 0, '0000-00-00 00:00:00'),
(46, 541752636, 34, 1, 995, 0, '0000-00-00 00:00:00'),
(47, 339296732, 34, 1, 995, 3, '2016-06-24 10:30:00'),
(48, 195742311, 1, 1, 895, 0, '0000-00-00 00:00:00'),
(49, 108037002, 1, 1, 895, 3, '2016-06-24 11:30:00'),
(50, 729104080, 2, 1, 1595, 3, '2016-06-24 12:10:00'),
(51, 729104080, 25, 1, 695, 3, '2016-06-24 12:10:00'),
(52, 324125546, 1, 1, 895, 3, '2016-06-24 12:30:00'),
(53, 360838894, 55, 1, 1895, 3, '2016-06-24 14:50:00'),
(54, 858748441, 2, 2, 1595, 3, '2016-06-24 18:58:08'),
(55, 989271354, 1, 1, 895, 3, '2016-06-24 20:14:15'),
(56, 989271354, 6, 1, 495, 3, '2016-06-24 20:14:15'),
(57, 443514084, 7, 1, 495, 3, '2016-06-24 20:51:00'),
(58, 778617858, 27, 1, 695, 3, '2016-06-24 20:55:00'),
(59, 509771231, 7, 3, 495, 3, '2016-06-24 21:25:05'),
(60, 482836353, 2, 1, 1595, 3, '2016-06-24 21:58:40'),
(61, 482836353, 17, 2, 795, 3, '2016-06-24 21:58:40'),
(62, 482836353, 17, 1, 795, 3, '2016-06-24 21:58:40'),
(63, 573528400, 20, 2, 1195, 3, '2016-06-25 11:00:33'),
(64, 780388391, 34, 1, 995, 3, '2016-06-25 11:48:45'),
(66, 849030836, 26, 3, 695, 3, '2016-06-25 14:49:14'),
(67, 849030836, 16, 1, 795, 3, '2016-06-25 14:49:14'),
(68, 397398481, 54, 1, 1395, 3, '2016-06-25 14:49:46'),
(69, 476543510, 1, 1, 895, 3, '2016-06-25 15:09:17'),
(70, 476543510, 56, 2, 100, 3, '2016-06-25 15:09:17'),
(72, 188270301, 55, 1, 1895, 3, '2016-06-25 12:15:00'),
(73, 247009897, 6, 1, 495, 0, '0000-00-00 00:00:00'),
(74, 636169148, 6, 1, 495, 3, '2016-06-25 15:10:00'),
(75, 290592097, 2, 1, 1595, 3, '2016-06-25 18:12:00'),
(76, 851162657, 2, 1, 1595, 3, '2016-06-25 19:27:00'),
(77, 167173026, 1, 1, 895, 0, '0000-00-00 00:00:00'),
(78, 856957995, 1, 1, 895, 3, '2016-06-25 20:34:00'),
(79, 789422155, 8, 1, 495, 3, '2016-06-25 21:40:00'),
(80, 460552598, 56, 2, 100, 3, '2016-06-26 11:45:00'),
(82, 113888679, 1, 1, 895, 3, '2016-06-26 13:45:00'),
(83, 102527775, 25, 1, 695, 3, '2016-06-26 14:20:00'),
(84, 444584089, 1, 1, 895, 3, '2016-06-26 14:25:00'),
(85, 169996860, 1, 1, 895, 3, '2016-06-26 14:50:00'),
(86, 317446215, 1, 1, 895, 3, '2016-06-26 19:29:00'),
(87, 131695445, 8, 1, 495, 3, '2016-06-26 19:25:00'),
(88, 928590192, 2, 1, 1595, 3, '2016-06-26 19:28:00'),
(89, 928590192, 15, 1, 795, 3, '2016-06-26 19:28:00'),
(90, 639701191, 18, 1, 795, 3, '2016-06-26 19:39:00'),
(91, 639701191, 7, 1, 495, 3, '2016-06-26 19:39:00'),
(92, 639701191, 6, 1, 495, 3, '2016-06-26 19:39:00'),
(93, 686665677, 1, 1, 895, 3, '2016-06-26 19:58:00'),
(94, 638366023, 1, 2, 895, 3, '2016-06-26 20:27:00'),
(95, 933860465, 1, 2, 895, 3, '2016-06-26 20:28:00'),
(96, 143579610, 46, 1, 2195, 3, '2016-06-26 20:30:00'),
(97, 143579610, 2, 1, 1595, 3, '2016-06-26 20:30:00'),
(98, 150010889, 12, 2, 995, 3, '2016-06-26 18:50:00'),
(99, 285927377, 1, 1, 895, 3, '2016-06-26 21:40:00'),
(100, 105502387, 54, 1, 1395, 3, '2016-06-26 21:45:00'),
(101, 105502387, 56, 1, 100, 3, '2016-06-26 21:45:00'),
(102, 660279019, 11, 2, 995, 3, '2016-06-27 13:28:00'),
(103, 241136629, 1, 1, 895, 3, '2016-06-27 14:50:00'),
(106, 872915999, 1, 1, 895, 3, '2016-06-27 20:20:00'),
(107, 872915999, 55, 2, 1895, 3, '2016-06-27 20:20:00'),
(108, 355908733, 55, 1, 1895, 3, '2016-06-27 19:30:00'),
(109, 355908733, 57, 2, 995, 3, '2016-06-27 19:30:00'),
(110, 169903777, 22, 1, 1195, 3, '2016-06-27 21:20:00'),
(111, 674763368, 38, 1, 1595, 3, '2016-06-27 21:17:00'),
(112, 318971131, 1, 1, 895, 3, '2016-06-27 21:55:00'),
(113, 651939871, 56, 3, 100, 3, '2016-06-28 12:45:00'),
(114, 379525698, 1, 1, 895, 3, '2016-06-28 13:25:00'),
(116, 105129359, 56, 1, 100, 3, '2016-06-29 11:10:00'),
(117, 165154717, 1, 1, 895, 3, '2016-06-29 13:10:00'),
(118, 892889849, 6, 2, 495, 3, '2016-06-29 13:25:00'),
(119, 830999080, 1, 1, 895, 3, '2016-06-29 19:50:00'),
(120, 862244390, 1, 1, 805, 3, '2016-06-29 20:10:00'),
(121, 862244390, 33, 1, 895, 0, '2016-06-29 20:10:00'),
(122, 862244390, 55, 1, 1705, 3, '2016-06-29 20:10:00'),
(123, 427215076, 54, 1, 1395, 3, '2016-06-29 20:20:00'),
(124, 337826108, 1, 1, 895, 3, '2016-06-29 20:20:00'),
(125, 993421899, 8, 1, 495, 3, '2016-06-29 20:20:00'),
(126, 203642134, 1, 1, 895, 3, '2016-06-29 20:40:00'),
(127, 785400391, 3, 1, 2195, 3, '2016-06-29 20:50:00'),
(128, 462411963, 31, 1, 995, 3, '2016-06-29 20:55:00'),
(129, 425903834, 1, 1, 895, 3, '2016-06-29 21:10:00'),
(130, 711757448, 1, 1, 895, 3, '2016-06-29 21:25:00'),
(133, 954096693, 3, 1, 2195, 3, '2016-06-28 15:30:00'),
(134, 178898414, 1, 1, 895, 3, '2016-06-29 21:40:00'),
(135, 559564301, 25, 1, 695, 3, '2016-06-28 19:30:00'),
(141, 297353861, 1, 1, 895, 3, '2016-06-28 21:45:00'),
(142, 456050062, 16, 1, 795, 3, '2016-06-28 21:50:00'),
(143, 626757752, 55, 1, 1895, 3, '2016-06-28 21:55:00'),
(144, 414066876, 52, 1, 1395, 3, '2016-06-28 22:15:00'),
(145, 986141682, 1, 2, 895, 3, '2016-06-28 15:15:00'),
(146, 986141682, 17, 1, 795, 3, '2016-06-28 15:15:00'),
(147, 195480639, 38, 2, 1595, 3, '2016-06-28 20:20:00'),
(148, 338270320, 1, 2, 895, 3, '2016-06-28 20:55:00'),
(149, 119323619, 20, 1, 1195, 3, '2016-06-28 21:20:00'),
(150, 119323619, 5, 1, 495, 3, '2016-06-28 21:20:00'),
(151, 119323619, 21, 1, 1195, 3, '2016-06-28 21:20:00'),
(153, 843809037, 8, 1, 495, 3, '2016-06-30 11:30:00'),
(154, 843809037, 6, 1, 495, 3, '2016-06-30 11:30:00'),
(155, 984919020, 38, 1, 1595, 3, '2016-06-30 13:50:00'),
(156, 984919020, 52, 1, 1395, 3, '2016-06-30 13:50:00'),
(157, 796630346, 30, 1, 995, 3, '2016-06-30 17:55:00'),
(158, 499058449, 55, 2, 1895, 3, '2016-06-30 19:45:00'),
(159, 545985533, 1, 1, 895, 3, '2016-06-30 19:55:00'),
(160, 457886677, 26, 1, 695, 3, '2016-06-30 20:00:00'),
(161, 988668876, 2, 1, 1595, 3, '2016-06-30 20:10:00'),
(162, 717543349, 26, 1, 695, 3, '2016-06-30 20:37:00'),
(163, 717543349, 34, 1, 995, 3, '2016-06-30 20:37:00'),
(164, 336097383, 3, 1, 2195, 3, '2016-06-30 20:39:00'),
(165, 461810316, 55, 1, 1895, 3, '2016-06-30 20:52:00'),
(166, 461810316, 54, 1, 1395, 3, '2016-06-30 20:52:00'),
(167, 370747052, 54, 1, 1395, 3, '2016-07-01 19:00:00'),
(168, 419918390, 1, 1, 895, 3, '2016-07-01 19:05:00'),
(169, 185803942, 26, 1, 695, 3, '2016-07-01 13:15:00'),
(170, 185803942, 57, 1, 995, 3, '2016-07-01 13:15:00'),
(171, 185803942, 7, 1, 495, 3, '2016-07-01 13:15:00'),
(172, 185803942, 52, 1, 1395, 3, '2016-07-01 13:15:00'),
(173, 395252169, 1, 1, 895, 3, '2016-07-01 12:30:00'),
(174, 912746770, 2, 1, 1595, 3, '2016-07-01 10:49:00'),
(175, 148130448, 2, 1, 1595, 3, '2016-07-01 15:15:00'),
(176, 508761907, 55, 1, 1895, 3, '2016-07-01 19:45:00'),
(177, 612279021, 2, 1, 1595, 3, '2016-07-01 19:52:00'),
(181, 897272655, 55, 1, 1895, 3, '2016-07-01 20:20:00'),
(182, 897272655, 54, 1, 1395, 3, '2016-07-01 20:20:00'),
(183, 897272655, 7, 1, 495, 3, '2016-07-01 20:20:00'),
(184, 118779449, 55, 1, 1895, 3, '2016-07-01 20:25:00'),
(185, 118779449, 7, 1, 495, 3, '2016-07-01 20:25:00'),
(186, 176507453, 41, 1, 1595, 3, '2016-07-01 20:25:00'),
(187, 145868236, 2, 1, 1595, 3, '2016-07-01 20:50:00'),
(188, 394793841, 11, 2, 995, 3, '2016-07-01 20:51:00'),
(189, 141342142, 8, 1, 495, 3, '2016-07-01 21:45:00'),
(190, 141342142, 7, 1, 495, 3, '2016-07-01 21:45:00'),
(191, 709852133, 2, 1, 1595, 3, '2016-07-01 21:50:00'),
(192, 915157612, 63, 1, 1645, 3, '2016-07-01 21:55:00'),
(193, 915157612, 64, 1, 1495, 3, '2016-07-01 21:55:00'),
(194, 678864623, 63, 1, 1645, 3, '2016-07-02 18:05:43'),
(195, 616482454, 2, 1, 1595, 3, '2016-07-02 11:11:18'),
(197, 739203756, 16, 3, 795, 3, '2016-07-02 13:00:00'),
(198, 739203756, 6, 1, 495, 3, '2016-07-02 13:00:00'),
(199, 524911024, 38, 1, 1595, 3, '2016-07-02 13:05:00'),
(200, 224248312, 1, 1, 895, 3, '2016-07-02 13:35:00'),
(201, 593860412, 25, 1, 695, 3, '2016-07-02 13:51:00'),
(202, 593860412, 27, 1, 695, 3, '2016-07-02 13:51:00'),
(203, 103115540, 2, 1, 1595, 3, '2016-07-02 15:15:00'),
(204, 359727146, 1, 1, 895, 3, '2016-07-02 15:20:00'),
(205, 742890478, 60, 2, 1045, 3, '2016-07-02 12:30:00'),
(206, 742890478, 17, 1, 795, 3, '2016-07-02 12:30:00'),
(207, 148413579, 11, 1, 995, 3, '2016-07-02 19:24:00'),
(208, 449214614, 25, 1, 695, 3, '2016-07-02 20:25:00'),
(209, 345239225, 31, 1, 995, 3, '2016-07-02 20:45:00'),
(210, 105708420, 1, 1, 895, 3, '2016-07-02 21:59:00'),
(211, 617555937, 56, 4, 100, 3, '2016-07-02 21:50:00'),
(212, 528923137, 28, 1, 695, 3, '2016-07-03 12:53:00'),
(213, 528923137, 27, 2, 695, 3, '2016-07-03 12:53:00'),
(214, 528923137, 5, 1, 495, 3, '2016-07-03 12:53:00'),
(215, 151520537, 2, 1, 1595, 3, '2016-07-03 13:05:00'),
(216, 928581408, 1, 2, 895, 3, '2016-07-03 13:48:00'),
(217, 863098615, 56, 4, 100, 3, '2016-07-03 14:05:00'),
(218, 709433914, 25, 1, 695, 3, '2016-07-03 18:16:00'),
(219, 709433914, 27, 1, 695, 3, '2016-07-03 18:16:00'),
(220, 297977290, 33, 1, 995, 3, '2016-07-03 19:08:00'),
(221, 689643433, 1, 2, 895, 3, '2016-07-03 19:55:00'),
(222, 344194994, 2, 1, 1595, 3, '2016-07-03 20:10:00'),
(223, 562566598, 1, 1, 895, 3, '2016-07-03 20:15:00'),
(224, 519096102, 30, 1, 995, 3, '2016-07-03 20:20:00'),
(226, 348091359, 36, 1, 1595, 3, '2016-07-03 21:39:00'),
(227, 276254286, 6, 1, 495, 0, '2016-07-04 10:50:00'),
(228, 294713892, 1, 1, 895, 0, '2016-07-04 11:05:00'),
(229, 113372649, 58, 1, 945, 2, '2016-07-04 11:57:00'),
(230, 426909172, 58, 1, 945, 0, '2016-07-04 11:57:00'),
(231, 483779426, 5, 1, 495, 0, '2016-07-04 12:50:00'),
(232, 163835180, 11, 2, 995, 2, '2016-07-04 15:00:00'),
(233, 163835180, 2, 1, 1595, 2, '2016-07-04 15:00:00'),
(234, 977161680, 1, 1, 895, 0, '2016-07-04 15:30:00'),
(235, 118647883, 1, 1, 895, 0, '2016-07-04 18:40:00'),
(236, 171052273, 11, 2, 995, 2, '2016-07-04 15:00:00'),
(237, 171052273, 2, 1, 1595, 2, '2016-07-04 15:00:00'),
(238, 753746612, 2, 1, 1595, 0, '2016-07-04 15:00:00'),
(239, 753746612, 5, 2, 495, 0, '2016-07-04 15:00:00'),
(240, 373152827, 3, 1, 2195, 2, '2016-07-04 21:00:00'),
(241, 129636253, 3, 1, 2195, 0, '2016-07-04 21:00:00'),
(242, 928053648, 55, 2, 1895, 0, '2016-07-04 21:10:00'),
(243, 928053648, 54, 2, 1395, 0, '2016-07-04 21:10:00'),
(244, 936626649, 26, 4, 695, 0, '2016-07-04 22:00:00'),
(245, 484832333, 55, 1, 1895, 0, '2016-07-05 11:00:00'),
(246, 156137046, 2, 1, 1595, 0, '2016-07-05 12:40:00'),
(247, 463355939, 1, 1, 895, 0, '2016-07-05 12:35:00'),
(248, 613723927, 1, 1, 895, 0, '2016-07-05 13:00:00'),
(249, 410655382, 3, 1, 2195, 0, '2016-07-05 14:00:00'),
(250, 557074022, 20, 1, 1195, 2, '2016-07-05 14:30:00'),
(251, 557074022, 26, 3, 695, 2, '2016-07-05 14:30:00'),
(252, 557074022, 15, 1, 795, 2, '2016-07-05 14:30:00'),
(253, 826844119, 20, 1, 1195, 0, '2016-07-05 14:30:00'),
(254, 826844119, 26, 3, 695, 0, '2016-07-05 14:30:00'),
(255, 826844119, 15, 1, 795, 0, '2016-07-05 14:30:00'),
(256, 826844119, 52, 1, 1395, 0, '2016-07-05 14:30:00'),
(257, 361002418, 16, 4, 795, 0, '2016-07-05 15:35:00'),
(258, 941856237, 1, 1, 895, 0, '2016-07-05 15:00:00'),
(259, 782623923, 28, 2, 695, 0, '2016-07-05 20:20:00'),
(260, 116203716, 26, 1, 695, 0, '2016-07-05 20:25:00'),
(261, 165261831, 56, 1, 100, 0, '2016-07-05 20:25:00'),
(262, 570574871, 56, 1, 100, 0, '2016-07-05 20:25:00'),
(263, 565361596, 54, 2, 1395, 0, '2016-07-05 21:10:00'),
(264, 565361596, 34, 1, 995, 0, '2016-07-05 21:10:00'),
(265, 762582191, 1, 1, 895, 0, '2016-07-05 21:10:00'),
(266, 762582191, 7, 1, 495, 0, '2016-07-05 21:10:00'),
(267, 756833121, 8, 1, 495, 0, '2016-07-05 21:19:00'),
(268, 756833121, 7, 1, 495, 0, '2016-07-05 21:19:00'),
(269, 937840683, 55, 2, 1895, 0, '2016-07-05 21:45:00'),
(270, 937840683, 56, 2, 100, 0, '2016-07-05 21:45:00');

-- --------------------------------------------------------

--
-- Table structure for table `config`
--

CREATE TABLE IF NOT EXISTS `config` (
  `foo` int(11) NOT NULL DEFAULT '0',
  `last_sync` datetime NOT NULL DEFAULT '2016-01-01 00:00:00'
) ENGINE=InnoDB DEFAULT CHARSET=latin1;

-- --------------------------------------------------------

--
-- Table structure for table `purchases`
--

CREATE TABLE IF NOT EXISTS `purchases` (
`purchaseEntryId` int(11) NOT NULL,
  `syncId` int(11) NOT NULL,
  `country` varchar(3) COLLATE utf8_bin NOT NULL,
  `card` tinyint(1) NOT NULL DEFAULT '0',
  `discount` int(11) NOT NULL,
  `date` datetime NOT NULL,
  `status` int(11) NOT NULL DEFAULT '0',
  `edited` datetime NOT NULL
) ENGINE=InnoDB AUTO_INCREMENT=197 DEFAULT CHARSET=utf8 COLLATE=utf8_bin;

--
-- Dumping data for table `purchases`
--

INSERT INTO `purchases` (`purchaseEntryId`, `syncId`, `country`, `card`, `discount`, `date`, `status`, `edited`) VALUES
(1, 163087527, 'gb', 0, 0, '2016-06-20 12:38:55', 3, '2016-06-20 12:38:55'),
(2, 731356149, 'gb', 0, 0, '2016-06-20 13:02:26', 3, '2016-06-20 13:02:26'),
(3, 150018743, 'es', 0, 0, '2016-06-20 13:37:19', 3, '2016-06-20 13:37:19'),
(4, 597232102, 'fr', 0, 0, '2016-06-20 18:07:47', 3, '2016-06-20 18:07:47'),
(5, 795893590, 'es', 0, 0, '2016-06-21 10:54:52', 3, '2016-06-21 10:54:52'),
(6, 800172575, 'es', 0, 0, '2016-06-21 11:48:28', 3, '2016-06-21 11:48:28'),
(7, 376255929, 'de', 0, 0, '2016-06-21 19:45:20', 3, '2016-06-21 19:45:20'),
(8, 858871502, 'de', 0, 0, '2016-06-21 20:12:41', 3, '2016-06-21 20:12:41'),
(9, 159894751, 'gb', 0, 0, '2016-06-21 20:54:37', 3, '2016-06-21 20:54:37'),
(10, 935428217, 'ne', 0, 0, '2016-06-21 20:59:08', 3, '2016-06-21 20:59:08'),
(11, 422063123, 'gb', 0, 0, '2016-06-21 21:36:17', 3, '2016-06-21 21:36:17'),
(12, 693777519, 'de', 0, 0, '2016-06-22 11:34:00', 3, '2016-06-22 11:34:00'),
(13, 196559782, 'es', 0, 0, '2016-06-22 11:34:24', 3, '2016-06-22 11:34:24'),
(14, 966690408, 'gb', 0, 0, '2016-06-22 12:33:29', 3, '2016-06-22 12:33:29'),
(15, 173375085, 'gb', 0, 0, '2016-06-22 13:16:33', 3, '2016-06-22 13:16:33'),
(16, 905439137, 'es', 0, 0, '2016-06-22 14:06:48', 3, '2016-06-22 14:06:48'),
(17, 960934120, 'gb', 0, 0, '2016-06-22 18:33:18', 3, '2016-06-22 18:33:18'),
(18, 738116906, 'gb', 0, 0, '2016-06-22 19:20:06', 3, '2016-06-22 19:20:06'),
(19, 722632575, 'de', 0, 0, '2016-06-22 19:51:10', 3, '2016-06-22 19:51:10'),
(20, 143299674, 'es', 0, 0, '2016-06-22 20:13:43', 3, '2016-06-22 20:13:43'),
(21, 780995845, 'es', 0, 0, '2016-06-22 20:26:04', 3, '2016-06-22 20:26:04'),
(22, 359430051, 'de', 0, 0, '2016-06-22 20:57:04', 3, '2016-06-22 20:57:04'),
(24, 401200392, 'de', 0, 0, '2016-06-23 11:46:46', 3, '2016-06-23 11:46:46'),
(25, 371880217, 'de', 0, 0, '2016-06-23 13:11:55', 3, '2016-06-23 13:11:55'),
(26, 433256704, 'de', 0, 0, '2016-06-23 13:12:26', 3, '2016-06-23 13:12:26'),
(27, 895618526, 'can', 0, 10, '2016-06-23 14:30:15', 3, '2016-06-23 14:30:15'),
(28, 522763397, 'can', 1, 10, '2016-06-23 14:30:38', 3, '2016-06-23 14:30:38'),
(29, 117400636, 'fr', 0, 0, '2016-06-23 18:11:00', 3, '2016-06-23 18:11:00'),
(30, 336562323, 'ne', 0, 0, '2016-06-23 20:07:00', 3, '2016-06-23 20:07:00'),
(31, 250834378, 'de', 0, 0, '2016-06-23 20:50:00', 3, '2016-06-23 20:50:00'),
(32, 711296198, 'de', 0, 0, '2016-06-23 20:56:00', 3, '2016-06-23 20:56:00'),
(33, 339296732, '??', 0, 0, '2016-06-24 10:30:00', 3, '2016-06-24 10:30:00'),
(34, 108037002, '??', 0, 0, '2016-06-24 11:30:00', 3, '2016-06-24 11:30:00'),
(35, 729104080, 'ne', 0, 0, '2016-06-24 12:10:00', 3, '2016-06-24 12:10:00'),
(36, 324125546, 'gb', 0, 0, '2016-06-24 12:30:00', 3, '2016-06-24 12:30:00'),
(37, 360838894, 'gb', 0, 0, '2016-06-24 14:50:00', 3, '2016-06-24 14:50:00'),
(38, 858748441, 'es', 1, 0, '2016-06-24 18:58:08', 3, '2016-06-24 18:58:08'),
(39, 989271354, 'de', 0, 0, '2016-06-24 20:14:15', 3, '2016-06-24 20:14:15'),
(40, 443514084, 'de', 0, 0, '2016-06-24 20:51:00', 3, '2016-06-24 20:51:00'),
(41, 778617858, 'de', 0, 0, '2016-06-24 20:55:00', 3, '2016-06-24 20:55:00'),
(42, 509771231, 'de', 0, 0, '2016-06-24 21:25:05', 3, '2016-06-24 21:25:05'),
(43, 482836353, '??', 1, 0, '2016-06-24 21:58:40', 3, '2016-06-24 21:58:40'),
(44, 573528400, '??', 0, 0, '2016-06-25 11:00:33', 3, '2016-06-25 11:00:33'),
(45, 780388391, 'es', 0, 0, '2016-06-25 11:48:45', 3, '2016-06-25 11:48:45'),
(47, 849030836, 'es', 0, 0, '2016-06-25 14:49:14', 3, '2016-06-25 14:49:14'),
(48, 397398481, 'gb', 0, 0, '2016-06-25 14:49:46', 3, '2016-06-25 14:49:46'),
(49, 476543510, 'de', 0, 0, '2016-06-25 15:09:17', 3, '2016-06-25 15:09:17'),
(51, 188270301, 'es', 0, 0, '2016-06-25 12:15:00', 3, '2016-06-25 12:15:00'),
(52, 636169148, '??', 0, 0, '2016-06-25 15:10:00', 3, '2016-06-25 15:10:00'),
(53, 290592097, 'de', 0, 0, '2016-06-25 18:12:00', 3, '2016-06-25 18:12:00'),
(54, 851162657, 'gb', 0, 0, '2016-06-25 19:27:00', 3, '2016-06-25 19:27:00'),
(55, 856957995, 'de', 0, 0, '2016-06-25 20:34:00', 3, '2016-06-25 20:34:00'),
(56, 789422155, 'de', 0, 0, '2016-06-25 21:40:00', 3, '2016-06-25 21:40:00'),
(57, 460552598, 'gb', 0, 0, '2016-06-26 11:45:00', 3, '2016-06-26 11:45:00'),
(59, 113888679, 'de', 0, 0, '2016-06-26 13:45:00', 3, '2016-06-26 13:45:00'),
(60, 102527775, 'can', 0, 0, '2016-06-26 14:20:00', 3, '2016-06-26 14:20:00'),
(61, 444584089, 'can', 0, 0, '2016-06-26 14:25:00', 3, '2016-06-26 14:25:00'),
(62, 169996860, 'es', 0, 0, '2016-06-26 14:50:00', 3, '2016-06-26 14:50:00'),
(63, 317446215, 'gb', 0, 0, '2016-06-26 19:29:00', 3, '2016-06-26 19:29:00'),
(64, 131695445, 'can', 0, 0, '2016-06-26 19:25:00', 3, '2016-06-26 19:25:00'),
(65, 928590192, 'es', 1, 0, '2016-06-26 19:28:00', 3, '2016-06-26 19:28:00'),
(66, 639701191, '??', 0, 0, '2016-06-26 19:39:00', 3, '2016-06-26 19:39:00'),
(67, 686665677, 'es', 1, 0, '2016-06-26 19:58:00', 3, '2016-06-26 19:58:00'),
(68, 638366023, 'gb', 0, 0, '2016-06-26 20:27:00', 3, '2016-06-26 20:27:00'),
(69, 933860465, 'gb', 0, 0, '2016-06-26 20:28:00', 3, '2016-06-26 20:28:00'),
(70, 143579610, 'fr', 0, 0, '2016-06-26 20:30:00', 3, '2016-06-26 20:30:00'),
(71, 150010889, 'de', 0, 0, '2016-06-26 18:50:00', 3, '2016-06-26 18:50:00'),
(72, 285927377, 'de', 0, 0, '2016-06-26 21:40:00', 3, '2016-06-26 21:40:00'),
(73, 105502387, 'gb', 0, 0, '2016-06-26 21:45:00', 3, '2016-06-26 21:45:00'),
(74, 660279019, '??', 0, 0, '2016-06-27 13:28:00', 3, '2016-06-27 13:28:00'),
(75, 241136629, 'gb', 0, 0, '2016-06-27 14:50:00', 3, '2016-06-27 14:50:00'),
(77, 872915999, 'es', 0, 0, '2016-06-27 20:20:00', 3, '2016-06-27 20:20:00'),
(78, 355908733, 'de', 0, 0, '2016-06-27 19:30:00', 3, '2016-06-27 19:30:00'),
(79, 169903777, 'de', 0, 0, '2016-06-27 21:20:00', 3, '2016-06-27 21:20:00'),
(80, 674763368, 'de', 0, 0, '2016-06-27 21:17:00', 3, '2016-06-27 21:17:00'),
(81, 318971131, 'es', 0, 0, '2016-06-27 21:55:00', 3, '2016-06-27 21:55:00'),
(82, 651939871, '??', 0, 0, '2016-06-28 12:45:00', 3, '2016-06-28 12:45:00'),
(83, 379525698, '??', 0, 0, '2016-06-28 13:25:00', 3, '2016-06-28 13:25:00'),
(84, 105129359, 'can', 0, 0, '2016-06-29 11:10:00', 3, '2016-06-29 11:10:00'),
(85, 165154717, 'es', 0, 0, '2016-06-29 13:10:00', 3, '2016-06-29 13:10:00'),
(86, 892889849, 'gb', 0, 0, '2016-06-29 13:25:00', 3, '2016-06-29 13:25:00'),
(87, 830999080, 'es', 0, 0, '2016-06-29 19:50:00', 3, '2016-06-29 19:50:00'),
(88, 862244390, 'it', 0, 10, '2016-06-29 20:10:00', 3, '2016-06-29 20:10:00'),
(89, 427215076, 'es', 0, 0, '2016-06-29 20:20:00', 3, '2016-06-29 20:20:00'),
(90, 337826108, 'gb', 0, 0, '2016-06-29 20:20:00', 3, '2016-06-29 20:20:00'),
(91, 993421899, 'de', 0, 0, '2016-06-29 20:20:00', 3, '2016-06-29 20:20:00'),
(92, 203642134, 'es', 0, 0, '2016-06-29 20:40:00', 3, '2016-06-29 20:40:00'),
(93, 785400391, 'de', 0, 0, '2016-06-29 20:50:00', 3, '2016-06-29 20:50:00'),
(94, 462411963, 'gb', 0, 0, '2016-06-29 20:55:00', 3, '2016-06-29 20:55:00'),
(95, 425903834, 'can', 0, 0, '2016-06-29 21:10:00', 3, '2016-06-29 21:10:00'),
(96, 711757448, 'de', 0, 0, '2016-06-29 21:25:00', 3, '2016-06-29 21:25:00'),
(98, 954096693, 'ne', 0, 0, '2016-06-28 15:30:00', 3, '2016-06-28 15:30:00'),
(99, 178898414, 'gb', 0, 0, '2016-06-29 21:40:00', 3, '2016-06-29 21:40:00'),
(100, 559564301, 'es', 0, 0, '2016-06-28 19:30:00', 3, '2016-06-28 19:30:00'),
(104, 297353861, 'gb', 0, 0, '2016-06-28 21:45:00', 3, '2016-06-28 21:45:00'),
(105, 456050062, '??', 0, 0, '2016-06-28 21:50:00', 3, '2016-06-28 21:50:00'),
(106, 626757752, 'gb', 0, 0, '2016-06-28 21:55:00', 3, '2016-06-28 21:55:00'),
(107, 414066876, 'gb', 0, 0, '2016-06-28 22:15:00', 3, '2016-06-28 22:15:00'),
(108, 986141682, '??', 0, 0, '2016-06-28 15:15:00', 3, '2016-06-28 15:15:00'),
(109, 195480639, 'es', 0, 0, '2016-06-28 20:20:00', 3, '2016-06-28 20:20:00'),
(110, 338270320, 'es', 1, 0, '2016-06-28 20:55:00', 3, '2016-06-28 20:55:00'),
(111, 119323619, 'can', 0, 0, '2016-06-28 21:20:00', 3, '2016-06-28 21:20:00'),
(112, 843809037, 'gb', 0, 0, '2016-06-30 11:30:00', 3, '2016-06-30 11:30:00'),
(113, 984919020, 'gb', 0, 0, '2016-06-30 13:50:00', 3, '2016-06-30 13:50:00'),
(114, 796630346, 'gb', 0, 0, '2016-06-30 17:55:00', 3, '2016-06-30 17:55:00'),
(115, 499058449, 'es', 1, 0, '2016-06-30 19:45:00', 3, '2016-06-30 19:45:00'),
(116, 545985533, 'can', 0, 0, '2016-06-30 19:55:00', 3, '2016-06-30 19:55:00'),
(117, 457886677, 'can', 0, 0, '2016-06-30 20:00:00', 3, '2016-06-30 20:00:00'),
(118, 988668876, 'de', 0, 0, '2016-06-30 20:10:00', 3, '2016-06-30 20:10:00'),
(119, 717543349, 'de', 0, 0, '2016-06-30 20:37:00', 3, '2016-06-30 20:37:00'),
(120, 336097383, 'can', 0, 0, '2016-06-30 20:39:00', 3, '2016-06-30 20:39:00'),
(121, 461810316, 'de', 0, 0, '2016-06-30 20:52:00', 3, '2016-06-30 20:52:00'),
(122, 370747052, 'es', 0, 0, '2016-07-01 19:00:00', 3, '2016-07-01 19:00:00'),
(123, 419918390, 'can', 0, 0, '2016-07-01 19:05:00', 3, '2016-07-01 19:05:00'),
(124, 185803942, 'gb', 1, 0, '2016-07-01 13:15:00', 3, '2016-07-01 13:15:00'),
(125, 395252169, 'can', 0, 0, '2016-07-01 12:30:00', 3, '2016-07-01 12:30:00'),
(126, 912746770, '??', 0, 0, '2016-07-01 10:49:00', 3, '2016-07-01 10:49:00'),
(127, 148130448, 'es', 0, 0, '2016-07-01 15:15:00', 3, '2016-07-01 15:15:00'),
(128, 508761907, 'es', 0, 0, '2016-07-01 19:45:00', 3, '2016-07-01 19:45:00'),
(129, 612279021, 'gb', 0, 0, '2016-07-01 19:52:00', 3, '2016-07-01 19:52:00'),
(131, 897272655, 'gb', 1, 0, '2016-07-01 20:20:00', 3, '2016-07-01 20:20:00'),
(132, 118779449, 'gb', 0, 0, '2016-07-01 20:25:00', 3, '2016-07-01 20:25:00'),
(133, 176507453, 'es', 1, 0, '2016-07-01 20:25:00', 3, '2016-07-01 20:25:00'),
(134, 145868236, 'ne', 0, 0, '2016-07-01 20:50:00', 3, '2016-07-01 20:50:00'),
(135, 394793841, 'gb', 0, 0, '2016-07-01 20:51:00', 3, '2016-07-01 20:51:00'),
(136, 141342142, '??', 0, 0, '2016-07-01 21:45:00', 3, '2016-07-01 21:45:00'),
(137, 709852133, 'es', 0, 0, '2016-07-01 21:50:00', 3, '2016-07-01 21:50:00'),
(138, 915157612, 'can', 0, 0, '2016-07-01 21:55:00', 3, '2016-07-01 21:55:00'),
(139, 678864623, 'can', 0, 0, '2016-07-02 18:05:43', 3, '2016-07-02 18:05:43'),
(140, 616482454, 'gb', 0, 0, '2016-07-02 11:11:18', 3, '2016-07-02 11:11:18'),
(142, 739203756, 'us', 1, 0, '2016-07-02 13:00:00', 3, '2016-07-02 13:00:00'),
(143, 524911024, 'es', 0, 0, '2016-07-02 13:05:00', 3, '2016-07-02 13:05:00'),
(144, 224248312, 'fr', 0, 0, '2016-07-02 13:35:00', 3, '2016-07-02 13:35:00'),
(145, 593860412, 'can', 0, 0, '2016-07-02 13:51:00', 3, '2016-07-02 13:51:00'),
(146, 103115540, 'fr', 0, 0, '2016-07-02 15:15:00', 3, '2016-07-02 15:15:00'),
(147, 359727146, 'xx', 0, 0, '2016-07-02 15:20:00', 3, '2016-07-02 15:20:00'),
(148, 742890478, 'ne', 0, 0, '2016-07-02 12:30:00', 3, '2016-07-02 12:30:00'),
(149, 148413579, 'can', 0, 0, '2016-07-02 19:24:00', 3, '2016-07-02 19:24:00'),
(150, 449214614, 'gb', 0, 0, '2016-07-02 20:25:00', 3, '2016-07-02 20:25:00'),
(151, 345239225, 'de', 0, 0, '2016-07-02 20:45:00', 3, '2016-07-02 20:45:00'),
(152, 105708420, 'can', 0, 0, '2016-07-02 21:59:00', 3, '2016-07-02 21:59:00'),
(153, 617555937, 'de', 0, 0, '2016-07-02 21:50:00', 3, '2016-07-02 21:50:00'),
(154, 528923137, 'gb', 1, 0, '2016-07-03 12:53:00', 3, '2016-07-03 12:53:00'),
(155, 151520537, 'gb', 0, 0, '2016-07-03 13:05:00', 3, '2016-07-03 13:05:00'),
(156, 928581408, 'de', 0, 0, '2016-07-03 13:48:00', 3, '2016-07-03 13:48:00'),
(157, 863098615, 'gb', 0, 0, '2016-07-03 14:05:00', 3, '2016-07-03 14:05:00'),
(158, 709433914, 'can', 0, 0, '2016-07-03 18:16:00', 3, '2016-07-03 18:16:00'),
(159, 297977290, 'it', 0, 0, '2016-07-03 19:08:00', 3, '2016-07-03 19:08:00'),
(160, 689643433, 'gb', 0, 0, '2016-07-03 19:55:00', 3, '2016-07-03 19:55:00'),
(161, 344194994, 'es', 0, 0, '2016-07-03 20:10:00', 3, '2016-07-03 20:10:00'),
(162, 562566598, 'can', 0, 0, '2016-07-03 20:15:00', 3, '2016-07-03 20:15:00'),
(163, 519096102, 'gb', 0, 0, '2016-07-03 20:20:00', 3, '2016-07-03 20:20:00'),
(165, 348091359, 'es', 0, 0, '2016-07-03 21:39:00', 3, '2016-07-03 21:39:00'),
(166, 276254286, 'ne', 0, 0, '2016-07-04 10:50:00', 3, '2016-07-04 10:50:00'),
(167, 294713892, 'gb', 0, 0, '2016-07-04 11:05:00', 3, '2016-07-04 11:05:00'),
(168, 113372649, 'can', 0, 0, '2016-07-04 11:57:00', 3, '2016-07-04 11:57:00'),
(169, 426909172, 'can', 0, 0, '2016-07-04 11:57:00', 3, '2016-07-04 11:57:00'),
(170, 483779426, 'es', 0, 0, '2016-07-04 12:50:00', 3, '2016-07-04 12:50:00'),
(171, 163835180, 'fr', 1, 0, '2016-07-04 15:00:00', 3, '2016-07-04 15:00:00'),
(172, 977161680, 'fr', 0, 0, '2016-07-04 15:30:00', 3, '2016-07-04 15:30:00'),
(173, 118647883, 'can', 1, 0, '2016-07-04 18:40:00', 3, '2016-07-04 18:40:00'),
(174, 171052273, 'fr', 1, 0, '2016-07-04 15:00:00', 3, '2016-07-04 15:00:00'),
(175, 753746612, 'fr', 1, 0, '2016-07-04 15:00:00', 3, '2016-07-04 15:00:00'),
(176, 373152827, 'xx', 0, 0, '2016-07-04 21:00:00', 3, '2016-07-04 21:00:00'),
(177, 129636253, 'xx', 0, 0, '2016-07-04 21:00:00', 3, '2016-07-04 21:00:00'),
(178, 928053648, 'fr', 1, 0, '2016-07-04 21:10:00', 3, '2016-07-04 21:10:00'),
(179, 936626649, 'de', 0, 0, '2016-07-04 22:00:00', 3, '2016-07-04 22:00:00'),
(180, 484832333, 'gb', 0, 0, '2016-07-05 11:00:00', 3, '2016-07-05 11:00:00'),
(181, 156137046, 'fr', 0, 0, '2016-07-05 12:40:00', 3, '2016-07-05 12:40:00'),
(182, 463355939, 'gb', 0, 0, '2016-07-05 12:35:00', 3, '2016-07-05 12:35:00'),
(183, 613723927, 'gb', 0, 0, '2016-07-05 13:00:00', 3, '2016-07-05 13:00:00'),
(184, 410655382, 'de', 0, 0, '2016-07-05 14:00:00', 3, '2016-07-05 14:00:00'),
(185, 557074022, 'ne', 1, 0, '2016-07-05 14:30:00', 3, '2016-07-05 14:30:00'),
(186, 826844119, 'ne', 1, 0, '2016-07-05 14:30:00', 3, '2016-07-05 14:30:00'),
(187, 361002418, 'es', 0, 0, '2016-07-05 15:35:00', 3, '2016-07-05 15:35:00'),
(188, 941856237, 'de', 0, 0, '2016-07-05 15:00:00', 3, '2016-07-05 15:00:00'),
(189, 782623923, 'de', 1, 0, '2016-07-05 20:20:00', 3, '2016-07-05 20:20:00'),
(190, 116203716, 'gb', 0, 0, '2016-07-05 20:25:00', 3, '2016-07-05 20:25:00'),
(191, 165261831, 'gb', 0, 0, '2016-07-05 20:25:00', 3, '2016-07-05 20:25:00'),
(192, 570574871, 'gb', 0, 0, '2016-07-05 20:25:00', 3, '2016-07-05 20:25:00'),
(193, 565361596, 'xx', 1, 0, '2016-07-05 21:10:00', 3, '2016-07-05 21:10:00'),
(194, 762582191, 'xx', 0, 0, '2016-07-05 21:10:00', 3, '2016-07-05 21:10:00'),
(195, 756833121, 'de', 0, 0, '2016-07-05 21:19:00', 3, '2016-07-05 21:19:00'),
(196, 937840683, 'gb', 0, 0, '2016-07-05 21:45:00', 3, '2016-07-05 21:45:00');

--
-- Indexes for dumped tables
--

--
-- Indexes for table `boxes`
--
ALTER TABLE `boxes`
 ADD PRIMARY KEY (`boxesEntryId`);

--
-- Indexes for table `cart`
--
ALTER TABLE `cart`
 ADD PRIMARY KEY (`cartEntryId`);

--
-- Indexes for table `config`
--
ALTER TABLE `config`
 ADD PRIMARY KEY (`foo`);

--
-- Indexes for table `purchases`
--
ALTER TABLE `purchases`
 ADD PRIMARY KEY (`purchaseEntryId`), ADD UNIQUE KEY `syncId` (`syncId`);

--
-- AUTO_INCREMENT for dumped tables
--

--
-- AUTO_INCREMENT for table `boxes`
--
ALTER TABLE `boxes`
MODIFY `boxesEntryId` int(11) NOT NULL AUTO_INCREMENT,AUTO_INCREMENT=65;
--
-- AUTO_INCREMENT for table `cart`
--
ALTER TABLE `cart`
MODIFY `cartEntryId` int(11) NOT NULL AUTO_INCREMENT,AUTO_INCREMENT=271;
--
-- AUTO_INCREMENT for table `purchases`
--
ALTER TABLE `purchases`
MODIFY `purchaseEntryId` int(11) NOT NULL AUTO_INCREMENT,AUTO_INCREMENT=197;
/*!40101 SET CHARACTER_SET_CLIENT=@OLD_CHARACTER_SET_CLIENT */;
/*!40101 SET CHARACTER_SET_RESULTS=@OLD_CHARACTER_SET_RESULTS */;
/*!40101 SET COLLATION_CONNECTION=@OLD_COLLATION_CONNECTION */;
